what,kind,bundleId,bundleVersion,description,time
activated,workbench,org.eclipse.ui.workbench,3.7.1.v20120104-1859,"",1426755995444
executed,command,org.eclipse.ui,3.7.0.v20110928-1505,"org.eclipse.ui.file.refresh",1426756015025
deactivated,workbench,org.eclipse.ui.workbench,3.7.1.v20120104-1859,"",1426756019384
activated,workbench,org.eclipse.ui.workbench,3.7.1.v20120104-1859,"",1426756028479
deactivated,workbench,org.eclipse.ui.workbench,3.7.1.v20120104-1859,"",1426756031893
activated,workbench,org.eclipse.ui.workbench,3.7.1.v20120104-1859,"",1426756033073
executed,command,org.eclipse.ui.ide,3.7.0.v20110928-1505,"org.eclipse.ui.project.cleanAction",1426756033089
deactivated,workbench,org.eclipse.ui.workbench,3.7.1.v20120104-1859,"",1426756033385
activated,workbench,org.eclipse.ui.workbench,3.7.1.v20120104-1859,"",1426756034665
started,bundle,org.eclipse.wst.xsl.core,1.1.100.v201102270516,"org.eclipse.wst.xsl.core",1426756036568
started,bundle,org.eclipse.wst.xsl.exslt.core,1.0.0.v201005240426,"org.eclipse.wst.xsl.exslt.core",1426756036568
error,log,,,"Problems occurred when invoking code from plug-in: ""org.springframework.ide.eclipse.beans.core"".",1426756037067
error,log,,,"Internal Error",1426756037067
started,bundle,org.springframework.ide.eclipse.beans.ui.editor,3.1.0.201210040510-RELEASE,"org.springframework.ide.eclipse.beans.ui.editor",1426756037114
started,bundle,org.eclipse.xsd,2.7.1.v20120130-0943,"org.eclipse.xsd",1426756037300
started,bundle,org.eclipse.wst.html.core,1.1.502.v201202091936,"org.eclipse.wst.html.core",1426756042626
started,bundle,org.eclipse.wst.css.core,1.1.501.v201111292150,"org.eclipse.wst.css.core",1426756042642
started,bundle,org.eclipse.jst.jsf.common,1.2.3.v201104061039,"org.eclipse.jst.jsf.common",1426756042767
started,bundle,org.eclipse.jst.jsf.core,1.3.105.v201108261005,"org.eclipse.jst.jsf.core",1426756042767
started,bundle,org.eclipse.jst.jsf.facelet.ui,1.0.1.v201104032306,"org.eclipse.jst.jsf.facelet.ui",1426756042767
started,bundle,org.eclipse.jst.jsf.facelet.core,1.0.100.v201104191527,"org.eclipse.jst.jsf.facelet.core",1426756042767
deactivated,workbench,org.eclipse.ui.workbench,3.7.1.v20120104-1859,"",1426756049948
activated,workbench,org.eclipse.ui.workbench,3.7.1.v20120104-1859,"",1426756067485
deactivated,workbench,org.eclipse.ui.workbench,3.7.1.v20120104-1859,"",1426756079318
activated,workbench,org.eclipse.ui.workbench,3.7.1.v20120104-1859,"",1426756152045
deactivated,workbench,org.eclipse.ui.workbench,3.7.1.v20120104-1859,"",1426756161766
activated,workbench,org.eclipse.ui.workbench,3.7.1.v20120104-1859,"",1426756180394
deactivated,workbench,org.eclipse.ui.workbench,3.7.1.v20120104-1859,"",1426756188241
started,bundle,org.eclipse.jdt.debug,3.7.1.v20111006_r372,"org.eclipse.jdt.debug",1426756193721
started,bundle,org.eclipse.debug.ui,3.7.102.v20111129-1423_r372,"org.eclipse.debug.ui",1426756193955
started,bundle,org.eclipse.jdt.debug.ui,3.6.1.v20111006_r372,"org.eclipse.jdt.debug.ui",1426756194594
activated,workbench,org.eclipse.ui.workbench,3.7.1.v20120104-1859,"",1426756201303
error,log,,,"Problems occurred when invoking code from plug-in: ""org.springframework.ide.eclipse.beans.core"".",1426756201807
error,log,,,"Internal Error",1426756201807
deactivated,workbench,org.eclipse.ui.workbench,3.7.1.v20120104-1859,"",1426756206185
activated,workbench,org.eclipse.ui.workbench,3.7.1.v20120104-1859,"",1426756207292
started,bundle,org.eclipse.ui.browser,3.3.101.v20111019-1723,"org.eclipse.ui.browser",1426756207339
closed,workbench,org.eclipse.ui.workbench,3.7.1.v20120104-1859,"",1426756207355
stopped,bundle,org.eclipse.jst.ws.axis.creation.ui,1.0.700.v201104070312,"org.eclipse.jst.ws.axis.creation.ui",1426756207979
stopped,bundle,org.eclipse.jst.ws.axis.consumption.ui,1.0.505.v201004211805,"org.eclipse.jst.ws.axis.consumption.ui",1426756207979
stopped,bundle,org.eclipse.jst.ws.axis.consumption.core,1.0.407.v201104071820,"org.eclipse.jst.ws.axis.consumption.core",1426756207979
stopped,bundle,org.eclipse.jst.ws.axis2.creation.ui,1.0.104.v201004211805,"org.eclipse.jst.ws.axis2.creation.ui",1426756207979
stopped,bundle,org.eclipse.jst.ws.axis2.consumption.ui,1.0.103.v201004211805,"org.eclipse.jst.ws.axis2.consumption.ui",1426756207979
stopped,bundle,org.eclipse.jst.ws.axis2.creation.core,1.0.106.v201004211805,"org.eclipse.jst.ws.axis2.creation.core",1426756207979
stopped,bundle,org.eclipse.jst.ws.axis2.consumption.core,1.0.105.v201004211805,"org.eclipse.jst.ws.axis2.consumption.core",1426756207979
stopped,bundle,org.eclipse.jst.ws.axis2.ui,1.0.303.v201003110431,"org.eclipse.jst.ws.axis2.ui",1426756207979
stopped,bundle,org.eclipse.jst.ws.axis2.core,1.0.204.v201004211805,"org.eclipse.jst.ws.axis2.core",1426756207979
stopped,bundle,org.eclipse.jst.ws.cxf.creation.ui,1.0.100.v201104022153,"org.eclipse.jst.ws.cxf.creation.ui",1426756207979
stopped,bundle,org.eclipse.jst.ws.creation.ui,1.0.609.v201103082016,"org.eclipse.jst.ws.creation.ui",1426756207979
stopped,bundle,org.eclipse.jst.ws.cxf.consumption.ui,1.0.0.v201003222311,"org.eclipse.jst.ws.cxf.consumption.ui",1426756207979
stopped,bundle,org.eclipse.jst.ws.consumption.ui,1.1.402.v201201250306,"org.eclipse.jst.ws.consumption.ui",1426756207979
stopped,bundle,org.eclipse.jst.ws.consumption,1.0.603.v201202012024,"org.eclipse.jst.ws.consumption",1426756207979
stopped,bundle,org.eclipse.jst.ws.cxf.consumption.core,1.0.0.v201003222311,"org.eclipse.jst.ws.cxf.consumption.core",1426756207979
stopped,bundle,org.eclipse.jst.ws.cxf.creation.core,1.0.100.v201104022153,"org.eclipse.jst.ws.cxf.creation.core",1426756207979
stopped,bundle,org.eclipse.jst.ws.cxf.ui,1.0.0.v201004171919,"org.eclipse.jst.ws.cxf.ui",1426756207979
stopped,bundle,org.eclipse.jst.ws.cxf.core,1.0.100.v201104022153,"org.eclipse.jst.ws.cxf.core",1426756207979
stopped,bundle,org.eclipse.jst.ws.uddiregistry,1.0.500.v201004211805,"org.eclipse.jst.ws.uddiregistry",1426756207979
stopped,bundle,org.eclipse.jst.ws.ui,1.0.403.v201004211805,"org.eclipse.jst.ws.ui",1426756207979
stopped,bundle,org.eclipse.jst.ws,1.0.509.v201108250610,"org.eclipse.jst.ws",1426756207979
stopped,bundle,org.eclipse.wst.ws.explorer,1.0.607.v201103082002,"org.eclipse.wst.ws.explorer",1426756207979
stopped,bundle,org.eclipse.wst.wsdl.ui,1.2.403.v201108240515,"org.eclipse.wst.wsdl.ui",1426756207979
stopped,bundle,org.eclipse.wst.ws.ui,1.1.200.v201004211805,"org.eclipse.wst.ws.ui",1426756207979
stopped,bundle,org.eclipse.wst.wsi.ui,1.0.502.v201104071820,"org.eclipse.wst.wsi.ui",1426756207979
stopped,bundle,org.eclipse.wst.wsi,1.0.401.v201104071820,"org.eclipse.wst.wsi",1426756207979
stopped,bundle,org.eclipse.wst.ws,1.1.203.v201004211805,"org.eclipse.wst.ws",1426756207979
stopped,bundle,org.eclipse.jst.j2ee.webservice.ui,1.1.500.v201105122000,"org.eclipse.jst.j2ee.webservice.ui",1426756207979
stopped,bundle,org.eclipse.jst.j2ee.webservice,1.1.400.v201004110600,"org.eclipse.jst.j2ee.webservice",1426756207979
stopped,bundle,org.eclipse.wst.ws.parser,1.0.403.v201004211805,"org.eclipse.wst.ws.parser",1426756207979
stopped,bundle,org.eclipse.jpt.dbws.eclipselink.ui,1.0.0.v201104110000,"org.eclipse.jpt.dbws.eclipselink.ui",1426756207979
stopped,bundle,org.springframework.ide.eclipse.data.core,3.1.0.201210040510-RELEASE,"org.springframework.ide.eclipse.data.core",1426756207979
stopped,bundle,org.springframework.ide.eclipse.bestpractices,3.1.0.201210040510-RELEASE,"org.springframework.ide.eclipse.bestpractices",1426756207979
stopped,bundle,org.springframework.ide.eclipse.config.ui,3.1.0.201210040510-RELEASE,"org.springframework.ide.eclipse.config.ui",1426756207979
stopped,bundle,org.springframework.ide.eclipse.config.graph,3.1.0.201210040510-RELEASE,"org.springframework.ide.eclipse.config.graph",1426756207979
stopped,bundle,org.springframework.ide.eclipse.wizard,3.1.0.201210040510-RELEASE,"org.springframework.ide.eclipse.wizard",1426756207979
stopped,bundle,org.springframework.ide.eclipse.quickfix,3.1.0.201210040510-RELEASE,"org.springframework.ide.eclipse.quickfix",1426756207979
stopped,bundle,org.springframework.ide.eclipse.config.core,3.1.0.201210040510-RELEASE,"org.springframework.ide.eclipse.config.core",1426756207979
stopped,bundle,org.springframework.ide.eclipse.batch,3.1.0.201210040510-RELEASE,"org.springframework.ide.eclipse.batch",1426756207979
stopped,bundle,org.springframework.ide.eclipse.ajdt.ui.visualiser,3.1.0.201210040510-RELEASE,"org.springframework.ide.eclipse.ajdt.ui.visualiser",1426756207979
stopped,bundle,org.springframework.ide.eclipse.ajdt.ui.xref,3.1.0.201210040510-RELEASE,"org.springframework.ide.eclipse.ajdt.ui.xref",1426756207979
stopped,bundle,org.springframework.ide.eclipse.aop.mylyn,3.1.0.201210040510-RELEASE,"org.springframework.ide.eclipse.aop.mylyn",1426756207979
stopped,bundle,org.springframework.ide.eclipse.aop.ui.matcher,3.1.0.201210040510-RELEASE,"org.springframework.ide.eclipse.aop.ui.matcher",1426756207979
stopped,bundle,org.springframework.ide.eclipse.aop.ui,3.1.0.201210040510-RELEASE,"org.springframework.ide.eclipse.aop.ui",1426756207979
stopped,bundle,org.springframework.ide.eclipse.security,3.1.0.201210040510-RELEASE,"org.springframework.ide.eclipse.security",1426756207979
stopped,bundle,org.springframework.ide.eclipse.aop.core,3.1.0.201210040510-RELEASE,"org.springframework.ide.eclipse.aop.core",1426756207979
stopped,bundle,org.springframework.ide.eclipse.beans.ui.autowire,3.1.0.201210040510-RELEASE,"org.springframework.ide.eclipse.beans.ui.autowire",1426756207979
stopped,bundle,org.springframework.ide.eclipse.beans.core.autowire,3.1.0.201210040510-RELEASE,"org.springframework.ide.eclipse.beans.core.autowire",1426756207979
stopped,bundle,org.springframework.ide.eclipse.beans.mylyn,3.1.0.201210040510-RELEASE,"org.springframework.ide.eclipse.beans.mylyn",1426756207979
stopped,bundle,org.springframework.ide.eclipse.beans.ui.refactoring,3.1.0.201210040510-RELEASE,"org.springframework.ide.eclipse.beans.ui.refactoring",1426756207979
stopped,bundle,org.springframework.ide.eclipse.integration,3.1.0.201210040510-RELEASE,"org.springframework.ide.eclipse.integration",1426756207979
stopped,bundle,org.springframework.ide.eclipse.mylyn,3.1.0.201210040510-RELEASE,"org.springframework.ide.eclipse.mylyn",1426756207979
stopped,bundle,org.springframework.ide.eclipse.osgi,3.1.0.201210040510-RELEASE,"org.springframework.ide.eclipse.osgi",1426756207979
stopped,bundle,org.springframework.ide.eclipse.webflow.mylyn,3.1.0.201210040510-RELEASE,"org.springframework.ide.eclipse.webflow.mylyn",1426756207979
stopped,bundle,org.springframework.ide.eclipse.webflow.ui,3.1.0.201210040510-RELEASE,"org.springframework.ide.eclipse.webflow.ui",1426756207979
stopped,bundle,org.springframework.ide.eclipse.webflow.ui.graph,3.1.0.201210040510-RELEASE,"org.springframework.ide.eclipse.webflow.ui.graph",1426756207979
stopped,bundle,org.springframework.ide.eclipse.webflow.ui.editor,3.1.0.201210040510-RELEASE,"org.springframework.ide.eclipse.webflow.ui.editor",1426756207979
stopped,bundle,org.springframework.ide.eclipse.webflow.core,3.1.0.201210040510-RELEASE,"org.springframework.ide.eclipse.webflow.core",1426756207979
stopped,bundle,net.sf.eclibatis.config.editor,1.0.1.02,"net.sf.eclibatis.config.editor",1426756207979
stopped,bundle,net.sf.eclibatis.java.editor,1.0.1.02,"net.sf.eclibatis.java.editor",1426756207979
stopped,bundle,net.sf.eclibatis.mappings.editor,1.0.1.02,"net.sf.eclibatis.mappings.editor",1426756207979
stopped,bundle,net.sf.eclibatis.common.editor,1.0.1.02,"net.sf.eclibatis.common.editor",1426756207979
stopped,bundle,org.springframework.ide.eclipse.beans.ui.editor,3.1.0.201210040510-RELEASE,"org.springframework.ide.eclipse.beans.ui.editor",1426756207979
stopped,bundle,org.springframework.ide.eclipse.beans.ui.graph,3.1.0.201210040510-RELEASE,"org.springframework.ide.eclipse.beans.ui.graph",1426756207979
stopped,bundle,org.springframework.ide.eclipse.beans.ui.search,3.1.0.201210040510-RELEASE,"org.springframework.ide.eclipse.beans.ui.search",1426756207979
stopped,bundle,org.springframework.ide.eclipse.beans.core.metadata,3.1.0.201210040510-RELEASE,"org.springframework.ide.eclipse.beans.core.metadata",1426756208010
stopped,bundle,org.springframework.ide.eclipse.metadata,3.1.0.201210040510-RELEASE,"org.springframework.ide.eclipse.metadata",1426756208010
stopped,bundle,org.springframework.ide.eclipse.beans.ui,3.1.0.201210040510-RELEASE,"org.springframework.ide.eclipse.beans.ui",1426756208010
stopped,bundle,org.springframework.ide.eclipse.beans.core,3.1.0.201210040510-RELEASE,"org.springframework.ide.eclipse.beans.core",1426756208010
stopped,bundle,org.springframework.ide.eclipse.roo.ui,3.1.0.201210040510-RELEASE,"org.springframework.ide.eclipse.roo.ui",1426756208010
stopped,bundle,org.springframework.ide.eclipse.maven,3.1.0.201210040510-RELEASE,"org.springframework.ide.eclipse.maven",1426756208010
stopped,bundle,org.springframework.ide.eclipse.maven.legacy,3.1.0.201210040510-RELEASE,"org.springframework.ide.eclipse.maven.legacy",1426756208010
stopped,bundle,org.springframework.ide.eclipse.osgi.runtime,3.1.0.201210040510-RELEASE,"org.springframework.ide.eclipse.osgi.runtime",1426756208010
stopped,bundle,org.springframework.ide.eclipse.roo.core,3.1.0.201210040510-RELEASE,"org.springframework.ide.eclipse.roo.core",1426756208010
stopped,bundle,org.springframework.ide.eclipse.ui,3.1.0.201210040510-RELEASE,"org.springframework.ide.eclipse.ui",1426756208010
stopped,bundle,org.springframework.ide.eclipse.core,3.1.0.201210040510-RELEASE,"org.springframework.ide.eclipse.core",1426756208010
stopped,bundle,org.eclipse.jst.ws.jaxws.ui,1.0.100.v201104032053,"org.eclipse.jst.ws.jaxws.ui",1426756208010
stopped,bundle,org.eclipse.jst.ws.jaxws.core,1.0.100.v201104031139,"org.eclipse.jst.ws.jaxws.core",1426756208010
stopped,bundle,org.eclipse.datatools.enablement.oda.ws.ui,1.2.3.v201112061438,"org.eclipse.datatools.enablement.oda.ws.ui",1426756208010
stopped,bundle,org.eclipse.datatools.enablement.oda.ws,1.2.3.v201112061438,"org.eclipse.datatools.enablement.oda.ws",1426756208010
stopped,bundle,org.eclipse.wst.wsdl,1.2.202.v201108230355,"org.eclipse.wst.wsdl",1426756208010
stopped,bundle,org.eclipse.wst.wsdl.validation,1.1.502.v201104071820,"org.eclipse.wst.wsdl.validation",1426756208010
stopped,bundle,org.eclipse.wst.xsl.exslt.ui,1.0.0.v201006012005,"org.eclipse.wst.xsl.exslt.ui",1426756208010
stopped,bundle,org.eclipse.wst.xsl.jaxp.debug.ui,1.0.200.v201103081922,"org.eclipse.wst.xsl.jaxp.debug.ui",1426756208010
stopped,bundle,org.eclipse.wst.xsl.ui,1.1.200.v201103082057,"org.eclipse.wst.xsl.ui",1426756208010
stopped,bundle,org.eclipse.wst.xml.xpath.ui,1.1.100.v201105030025,"org.eclipse.wst.xml.xpath.ui",1426756208010
stopped,bundle,org.eclipse.wst.xsl.debug.ui,1.0.200.v201101281837,"org.eclipse.wst.xsl.debug.ui",1426756208010
stopped,bundle,org.eclipse.wst.xsl.jaxp.launching,1.0.200.v201103081922,"org.eclipse.wst.xsl.jaxp.launching",1426756208010
stopped,bundle,org.eclipse.wst.xsl.launching,1.0.200.v201103081922,"org.eclipse.wst.xsl.launching",1426756208010
stopped,bundle,org.eclipse.wst.xsl.core,1.1.100.v201102270516,"org.eclipse.wst.xsl.core",1426756208010
stopped,bundle,org.eclipse.wst.xml.xpath.core,1.2.1.v201109010357,"org.eclipse.wst.xml.xpath.core",1426756208010
stopped,bundle,org.eclipse.datatools.enablement.oda.xml.ui,1.2.3.v201112071047,"org.eclipse.datatools.enablement.oda.xml.ui",1426756208010
stopped,bundle,org.eclipse.datatools.enablement.oda.xml,1.2.3.v201112061438,"org.eclipse.datatools.enablement.oda.xml",1426756208010
stopped,bundle,org.eclipse.jst.jsf.apache.trinidad.tagsupport,1.1.200.v201104061711,"org.eclipse.jst.jsf.apache.trinidad.tagsupport",1426756208010
stopped,bundle,org.eclipse.jst.jsf.facelet.ui,1.0.1.v201104032306,"org.eclipse.jst.jsf.facelet.ui",1426756208010
stopped,bundle,org.eclipse.jst.jsf.facelet.core,1.0.100.v201104191527,"org.eclipse.jst.jsf.facelet.core",1426756208010
stopped,bundle,org.eclipse.jst.jsf.facesconfig.ui,1.2.2.v201103292152,"org.eclipse.jst.jsf.facesconfig.ui",1426756208010
stopped,bundle,org.eclipse.jst.jsf.ui,1.3.2.v201104251204,"org.eclipse.jst.jsf.ui",1426756208010
stopped,bundle,org.eclipse.jst.pagedesigner.jsf.ui,1.2.100.v201104061711,"org.eclipse.jst.pagedesigner.jsf.ui",1426756208010
stopped,bundle,org.eclipse.jst.pagedesigner,1.3.104.v201201181342,"org.eclipse.jst.pagedesigner",1426756208010
stopped,bundle,org.eclipse.jst.jsf.core,1.3.105.v201108261005,"org.eclipse.jst.jsf.core",1426756208010
stopped,bundle,org.eclipse.jst.jsf.common.ui,1.2.100.v201104061711,"org.eclipse.jst.jsf.common.ui",1426756208010
stopped,bundle,org.eclipse.jst.jsf.standard.tagsupport,1.2.100.v201104061711,"org.eclipse.jst.jsf.standard.tagsupport",1426756208010
stopped,bundle,org.eclipse.jst.pagedesigner.jsp.core,1.2.0.v20100308,"org.eclipse.jst.pagedesigner.jsp.core",1426756208010
stopped,bundle,org.eclipse.jst.jsf.common,1.2.3.v201104061039,"org.eclipse.jst.jsf.common",1426756208010
stopped,bundle,org.eclipse.wst.jsdt.web.support.jsp,1.0.400.v201102241833,"org.eclipse.wst.jsdt.web.support.jsp",1426756208010
stopped,bundle,org.eclipse.jst.jsp.ui,1.1.602.v201112071516,"org.eclipse.jst.jsp.ui",1426756208010
stopped,bundle,org.eclipse.jst.jsp.core,1.2.402.v201112071853,"org.eclipse.jst.jsp.core",1426756208010
stopped,bundle,org.eclipse.wst.jsdt.web.ui,1.0.401.v201108152113,"org.eclipse.wst.jsdt.web.ui",1426756208010
stopped,bundle,org.eclipse.jpt.jaxb.eclipselink.ui,1.1.0.v201105110000,"org.eclipse.jpt.jaxb.eclipselink.ui",1426756208010
stopped,bundle,org.eclipse.jpt.jaxb.ui,1.1.2.v201201260000,"org.eclipse.jpt.jaxb.ui",1426756208010
stopped,bundle,org.eclipse.jpt.jpa.eclipselink.ui,2.0.1.v201108080010,"org.eclipse.jpt.jpa.eclipselink.ui",1426756208010
stopped,bundle,org.eclipse.jpt.jpa.ui,3.0.2.v201201243020,"org.eclipse.jpt.jpa.ui",1426756208010
stopped,bundle,org.eclipse.jst.j2ee.ejb.annotations.ui,1.1.200.v201004290730,"org.eclipse.jst.j2ee.ejb.annotations.ui",1426756208010
stopped,bundle,org.eclipse.jst.ejb.ui,1.1.601.v201201261600,"org.eclipse.jst.ejb.ui",1426756208010
stopped,bundle,org.eclipse.jst.servlet.ui,1.1.502.v201202011054,"org.eclipse.jst.servlet.ui",1426756208010
stopped,bundle,org.eclipse.jst.ws.jaxws.dom.integration,1.0.101.v201201031437,"org.eclipse.jst.ws.jaxws.dom.integration",1426756208010
stopped,bundle,org.eclipse.jst.jee.ui,1.0.401.v201202011107,"org.eclipse.jst.jee.ui",1426756208010
stopped,bundle,org.eclipse.jst.j2ee.navigator.ui,1.1.501.v201107261503,"org.eclipse.jst.j2ee.navigator.ui",1426756208010
stopped,bundle,org.eclipse.jst.j2ee.jca.ui,1.1.400.v201004150700,"org.eclipse.jst.j2ee.jca.ui",1426756208010
stopped,bundle,org.eclipse.jst.j2ee.ui,1.1.503.v201201190400,"org.eclipse.jst.j2ee.ui",1426756208010
stopped,bundle,org.eclipse.wst.web.ui,1.1.500.v201111030500,"org.eclipse.wst.web.ui",1426756208010
stopped,bundle,org.eclipse.wst.html.ui,1.0.602.v201202091936,"org.eclipse.wst.html.ui",1426756208010
stopped,bundle,org.eclipse.wst.css.ui,1.0.601.v201201101544,"org.eclipse.wst.css.ui",1426756208010
stopped,bundle,org.eclipse.wst.jsdt.web.core,1.0.401.v201108152113,"org.eclipse.wst.jsdt.web.core",1426756208010
stopped,bundle,org.eclipse.wst.html.core,1.1.502.v201202091936,"org.eclipse.wst.html.core",1426756208010
stopped,bundle,org.eclipse.wst.css.core,1.1.501.v201111292150,"org.eclipse.wst.css.core",1426756208010
stopped,bundle,org.eclipse.jpt.jaxb.eclipselink.core,1.0.0.v201105180000,"org.eclipse.jpt.jaxb.eclipselink.core",1426756208010
stopped,bundle,org.eclipse.jpt.jpa.eclipselink.core,2.0.2.v201111103010,"org.eclipse.jpt.jpa.eclipselink.core",1426756208010
stopped,bundle,org.eclipse.jpt.common.eclipselink.core,1.0.1.v201108080010,"org.eclipse.jpt.common.eclipselink.core",1426756208010
stopped,bundle,org.eclipse.jpt.jaxb.core,1.0.2.v201111103010,"org.eclipse.jpt.jaxb.core",1426756208010
stopped,bundle,org.eclipse.jpt.jpa.core,3.0.2.v201201243020,"org.eclipse.jpt.jpa.core",1426756208010
stopped,bundle,org.eclipse.jpt.common.ui,1.0.1.v201201260000,"org.eclipse.jpt.common.ui",1426756208010
stopped,bundle,org.eclipse.jpt.common.core,1.0.2.v201111103010,"org.eclipse.jpt.common.core",1426756208010
stopped,bundle,org.eclipse.jst.j2ee.xdoclet.runtime,1.1.300.v201004280700,"org.eclipse.jst.j2ee.xdoclet.runtime",1426756208010
stopped,bundle,org.eclipse.jst.j2ee.ejb.annotations.xdoclet,1.2.200.v201103302125,"org.eclipse.jst.j2ee.ejb.annotations.xdoclet",1426756208010
stopped,bundle,org.eclipse.jst.j2ee.ejb.annotations.emitter,1.1.200.v200909290826,"org.eclipse.jst.j2ee.ejb.annotations.emitter",1426756208010
stopped,bundle,org.eclipse.jst.j2ee.ejb.annotation.model,1.1.300.v201003112036,"org.eclipse.jst.j2ee.ejb.annotation.model",1426756208010
stopped,bundle,org.eclipse.jst.jee.ejb,1.0.301.v201007070821,"org.eclipse.jst.jee.ejb",1426756208010
stopped,bundle,org.eclipse.jst.j2ee.ejb,1.1.505.v201202020200,"org.eclipse.jst.j2ee.ejb",1426756208010
stopped,bundle,org.eclipse.jst.jee.web,1.0.301.v201007070907,"org.eclipse.jst.jee.web",1426756208010
stopped,bundle,org.eclipse.jst.ws.jaxrs.ui,1.0.401.v201108230518,"org.eclipse.jst.ws.jaxrs.ui",1426756208010
stopped,bundle,org.eclipse.jst.ws.jaxrs.core,1.0.301.v201108240656,"org.eclipse.jst.ws.jaxrs.core",1426756208010
stopped,bundle,org.eclipse.jst.j2ee.web,1.1.502.v201202090300,"org.eclipse.jst.j2ee.web",1426756208010
stopped,bundle,org.eclipse.jst.jee,1.0.402.v201202021530,"org.eclipse.jst.jee",1426756208025
stopped,bundle,org.eclipse.jst.j2ee.jca,1.1.501.v201111030500,"org.eclipse.jst.j2ee.jca",1426756208025
stopped,bundle,org.eclipse.jst.jsf.facesconfig,1.2.2.v201105031140,"org.eclipse.jst.jsf.facesconfig",1426756208025
stopped,bundle,org.eclipse.jst.j2ee,1.1.503.v201202090300,"org.eclipse.jst.j2ee",1426756208025
stopped,bundle,org.eclipse.jst.j2ee.core,1.2.102.v201202090300,"org.eclipse.jst.j2ee.core",1426756208025
stopped,bundle,org.eclipse.wst.dtd.ui,1.0.600.v201103171359,"org.eclipse.wst.dtd.ui",1426756208025
stopped,bundle,org.eclipse.wst.dtd.core,1.1.501.v201107252021,"org.eclipse.wst.dtd.core",1426756208025
stopped,bundle,org.eclipse.wst.xsd.ui,1.2.404.v201105050216,"org.eclipse.wst.xsd.ui",1426756208025
stopped,bundle,org.eclipse.wst.xml.ui,1.1.202.v201112071516,"org.eclipse.wst.xml.ui",1426756208025
stopped,bundle,org.eclipse.wst.xml.xpath2.wtptypes,2.0.0.v201103212215,"org.eclipse.wst.xml.xpath2.wtptypes",1426756208025
stopped,bundle,org.eclipse.wst.xsd.core,1.1.600.v201104070312,"org.eclipse.wst.xsd.core",1426756208025
stopped,bundle,com.vmware.vfabric.ide.eclipse.tcserver.insight.ui,3.1.0.201210040536-RELEASE,"com.vmware.vfabric.ide.eclipse.tcserver.insight.ui",1426756208025
stopped,bundle,com.vmware.vfabric.ide.eclipse.tcserver.livegraph,3.1.0.201210040536-RELEASE,"com.vmware.vfabric.ide.eclipse.tcserver.livegraph",1426756208025
stopped,bundle,com.vmware.vfabric.ide.eclipse.tcserver.ui,3.1.0.201210040536-RELEASE,"com.vmware.vfabric.ide.eclipse.tcserver.ui",1426756208025
stopped,bundle,com.vmware.vfabric.ide.eclipse.tcserver.core,3.1.0.201210040536-RELEASE,"com.vmware.vfabric.ide.eclipse.tcserver.core",1426756208025
stopped,bundle,org.eclipse.wst.xml.core,1.1.602.v201201091944,"org.eclipse.wst.xml.core",1426756208025
stopped,bundle,org.eclipse.mylyn.wikitext.tasks.ui,1.5.0.v20110608-1400,"org.eclipse.mylyn.wikitext.tasks.ui",1426756208025
stopped,bundle,org.eclipse.ajdt.mylyn.ui,2.2.1.e37x-20120716-0900,"org.eclipse.ajdt.mylyn.ui",1426756208025
stopped,bundle,org.eclipse.mylyn.bugzilla.ui,3.8.3.v20130107-0100,"org.eclipse.mylyn.bugzilla.ui",1426756208025
stopped,bundle,org.eclipse.mylyn.context.tasks.ui,3.8.3.v20130107-0100,"org.eclipse.mylyn.context.tasks.ui",1426756208025
stopped,bundle,org.eclipse.mylyn.help.ui,3.8.3.v20130107-0100,"org.eclipse.mylyn.help.ui",1426756208025
stopped,bundle,org.eclipse.mylyn.java.tasks,3.8.3.v20130107-0100,"org.eclipse.mylyn.java.tasks",1426756208025
stopped,bundle,org.springsource.ide.eclipse.dashboard.ui,3.1.0.201210040458-RELEASE,"org.springsource.ide.eclipse.dashboard.ui",1426756208025
stopped,bundle,org.eclipse.team.svn.mylyn,0.7.9.I20110318-1700,"org.eclipse.team.svn.mylyn",1426756208025
stopped,bundle,org.eclipse.mylyn.tasks.bugs,3.8.3.v20130107-0100,"org.eclipse.mylyn.tasks.bugs",1426756208025
stopped,bundle,org.eclipse.mylyn.team.ui,3.8.3.v20130107-0100,"org.eclipse.mylyn.team.ui",1426756208025
stopped,bundle,org.eclipse.mylyn.tasks.ui,3.8.3.v20130107-0100,"org.eclipse.mylyn.tasks.ui",1426756208025
stopped,bundle,org.eclipse.mylyn.commons.notifications.feed,1.0.3.v20130107-0100,"org.eclipse.mylyn.commons.notifications.feed",1426756208025
stopped,bundle,org.eclipse.help.webapp,3.6.1.r37_20110929,"org.eclipse.help.webapp",1426756208025
stopped,bundle,org.eclipse.equinox.jsp.jasper.registry,1.0.200.v20100503,"org.eclipse.equinox.jsp.jasper.registry",1426756208025
stopped,bundle,org.eclipse.equinox.jsp.jasper,1.0.300.v20110502,"org.eclipse.equinox.jsp.jasper",1426756208025
stopped,bundle,org.eclipse.datatools.enablement.hsqldb.ui,1.0.0.v201108120600,"org.eclipse.datatools.enablement.hsqldb.ui",1426756208025
stopped,bundle,org.eclipse.datatools.enablement.ingres.ui,1.0.0.v201105270214,"org.eclipse.datatools.enablement.ingres.ui",1426756208025
stopped,bundle,org.eclipse.datatools.enablement.postgresql.ui,1.0.0.v201107221506,"org.eclipse.datatools.enablement.postgresql.ui",1426756208025
stopped,bundle,org.eclipse.datatools.enablement.sqlite.ui,1.0.0.v201107221507,"org.eclipse.datatools.enablement.sqlite.ui",1426756208025
stopped,bundle,org.eclipse.datatools.connectivity.db.generic.ui,1.0.1.v201107221459,"org.eclipse.datatools.connectivity.db.generic.ui",1426756208025
stopped,bundle,org.eclipse.datatools.connectivity.apache.derby.ui,1.0.3.v201107221459,"org.eclipse.datatools.connectivity.apache.derby.ui",1426756208025
stopped,bundle,org.eclipse.datatools.enablement.sybase.asa.schemaobjecteditor.examples,2.5.0.200810071,"org.eclipse.datatools.enablement.sybase.asa.schemaobjecteditor.examples",1426756208025
stopped,bundle,org.eclipse.datatools.enablement.sybase.asa.ui,1.0.1.v200906111204,"org.eclipse.datatools.enablement.sybase.asa.ui",1426756208025
stopped,bundle,org.eclipse.datatools.enablement.sybase.ase.ui,1.0.1.v200906020900,"org.eclipse.datatools.enablement.sybase.ase.ui",1426756208025
stopped,bundle,org.eclipse.datatools.enablement.sybase.ui,1.0.0.v200906090452,"org.eclipse.datatools.enablement.sybase.ui",1426756208025
stopped,bundle,org.eclipse.datatools.sqltools.data.ui,1.2.1.v201010270945,"org.eclipse.datatools.sqltools.data.ui",1426756208025
stopped,bundle,org.eclipse.datatools.connectivity.sqm.server.ui,1.1.100.v201107221459,"org.eclipse.datatools.connectivity.sqm.server.ui",1426756208025
